arina abrand arina.abrand
flourish aiwize fl0urisha7
ahmed almetwali autisticpicassocat_
sema amin sema.mx4
eric bae _ericwbae
chris bai _chrisbai_
daya bains dayaamarabains
jia bains jia_bains
siena blackwell siena__blackwell
carmen blanc carmenblancg
cassandra boratto cassandraboratto
miguel briones muhgehl
mathiaz buenfil mathiaz_b
samantha canon samm.vcc
julin chai julin.chai
austin chassie bigaustinchassie
clarissa chen clarissayychen
jennifer chen rainbowzjen
william chenyin mutms7
hamsika chhabra hamsika_21
stephanie choi stephanie.07c
tyler daniels tylerddaniels
mckenzie davis kenziedavis_7
katrina dechavez katrina_dchvz
zoe dellera zoedellera
ryan deng creepy0222
emiliia dihtiarova emilia_diht
julia dyck sprinkletoast._.13
nadia ebrahimi nad1a.e
evelyn efremoff evelyn_efremoff
kirollos estawro kiestawrooo
kieran ferguson kieran.ferguson_
rowen flewwelling rowen.80085
pieter fourie pieterf_2007
benjamin fung cinematicgrass
diana galbinpristavu diana_galbin
alina gao alinajga07
ariya ghag ariya.g_
mark gittens mharris17_
darien glenistergrot darienz.gg
miranda gonzalez DNE
pearce haji pearce_haji
shaunak haldar shaunakhaldar
liam hallman hallmanliam
katherine hansen katymhansen
sarah hightower sarah_hightower_
laya hong laya_hong
pinyi hu p.inyi
ella hurley ella_hmmm
ahyoon hwang a.ahyoon
jayden ivison jayivison
olivia jang bolivia4012
david jeanrichard d.jeanrichard_
stella jeon stellaje0n
lily joseph lilyjosephh_
ahrin jung ahrin.jung
edward jung eddie_j._
ahra kim ddalgira
aiden kim _mangocatt
andrew kim real_andrewkim
dana kim day.nanana
jiwoo kim k1wi_110
macey kim maceydotkim
ryan kim ryan_kim0424
morgan kolins morgan.kolins
venus lau chashewv.l
ioana lazar ioana.orange
stefan lazar lzr.stef
tristan lecce tristanlecce
jaden lee mr_fasby
yong lee yong_l_
zoe lee zoeywlee
michelle li n0th1n123
sherry li s.herryli
john liang stressedrat882
matthew lin potatopeasea
john liu john_13243
laila lobato lailalob27
serena lu sir__rena_
joey luo trippin_on_febreeze
luke macdonald lukemacdonald58
jesse mcallister notjess.e
benson mccann benson_official_follow
madison mcdougall m.mcdougall7
madi mcmeiken madiisage
alianna mcnamara alianna_mac
denise mohamad denisemohamadd
richard mou richard_mou_
alexis mutka alexis_mutka_
julia myers julia.myers07
andrea nechita _andreanechita_
krystal normey krystal.normey
daniela orellana d.danielao
owen parker owen.parker.31
joanne pai joann3_p
veronika palkoci pas_aloe_vero
sanvi parikh sanvi.p
daniel park dnl.kk
elizabeth park merriweathering
axel perry axel_perry_15
tovah popowitz tl.popowitz
keanna rai jewel_208_
mariana ramirez 1_marianaaa
yakov reznikov yakingyak
bella riglietti bellarigiletti
gabrielle rivera _.yogabbagabba._
jaiden rivera jaiden_.r
bryan robea bryanr_484
jihee ryu jiheeryu_
arzo salam arz0_sl
kyle samson ez3.smsn
zoie sarabosing fangirlbookwurm
yasha segal yasha.segal
chris shen chris.shen22
jeffrey shi jffrey.fr
noah simpson noahsimpson11
ben smith benefits4ben
alisa song 4hleesaa
cailyn sun suncailyn
tina sun tinajysun
hiren takiar hirenn.takiarr
lakota townpaquette lakotatp
noor vanleuzenheideman nvanleuzenheideman
blake veldhuisen blakeveldhuisen
andrea villasenor andrea.will_
hunter weaseworth hunterworth
rachel wei sharpieconsumer
jay wen jqyy.w
harrison weng harysane321
jada white jada.w07
leah worsley leah_.worsley
isabelle wright isabellee_wright
vincent xiao vincent_01.01
catherine xu c0dyxz
katherine xu _katherinexu_
jeffrey xue hrungrung
rosella yang rosellayxy
iris ye flowerpot_iris.y
kayla yeung kayla.yeung7
claudia yoon claudiayooon
michelle yoon michelle1snowy
iris zhang cirruscent
jennifer zhang jz.jhjzxz
thomas zhang thomaszhxng
sharon zhao _sharonzhao_
vincent zhao vincentz.wj
haolun li crispo513
tae woodword DNE
sean park seanpark.k